{
  "train": {
    "accuracy": 0.9983443708609272,
    "macro_f1": 0.9986545335539312,
    "weighted_f1": 0.9983442145275178,
    "per_class": {
      "work": {
        "precision": 0.9976744186046511,
        "recall": 0.9976744186046511,
        "f1-score": 0.9976744186046511,
        "support": 430.0
      },
      "sleep": {
        "precision": 1.0,
        "recall": 0.996996996996997,
        "f1-score": 0.9984962406015038,
        "support": 333.0
      },
      "relaxing": {
        "precision": 0.99812734082397,
        "recall": 1.0,
        "f1-score": 0.9990627928772259,
        "support": 533.0
      },
      "away": {
        "precision": 0.9980392156862745,
        "recall": 0.9980392156862745,
        "f1-score": 0.9980392156862745,
        "support": 510.0
      },
      "reading": {
        "precision": 1.0,
        "recall": 1.0,
        "f1-score": 1.0,
        "support": 6.0
      },
      "accuracy": 0.9983443708609272,
      "macro avg": {
        "precision": 0.9987681950229792,
        "recall": 0.9985421262575844,
        "f1-score": 0.9986545335539312,
        "support": 1812.0
      },
      "weighted avg": {
        "precision": 0.9983454043372937,
        "recall": 0.9983443708609272,
        "f1-score": 0.9983442145275178,
        "support": 1812.0
      }
    },
    "confusion_matrix": [
      [
        429,
        0,
        1,
        0,
        0
      ],
      [
        0,
        332,
        0,
        1,
        0
      ],
      [
        0,
        0,
        533,
        0,
        0
      ],
      [
        1,
        0,
        0,
        509,
        0
      ],
      [
        0,
        0,
        0,
        0,
        6
      ]
    ],
    "n_samples": 1812
  },
  "val": {
    "accuracy": 0.9656992084432717,
    "macro_f1": 0.9647889117386834,
    "weighted_f1": 0.9658775514607775,
    "per_class": {
      "work": {
        "precision": 0.9012345679012346,
        "recall": 0.9864864864864865,
        "f1-score": 0.9419354838709677,
        "support": 74.0
      },
      "sleep": {
        "precision": 0.9894736842105263,
        "recall": 0.9894736842105263,
        "f1-score": 0.9894736842105263,
        "support": 95.0
      },
      "relaxing": {
        "precision": 0.9807692307692307,
        "recall": 0.9357798165137615,
        "f1-score": 0.9577464788732394,
        "support": 109.0
      },
      "away": {
        "precision": 0.9797979797979798,
        "recall": 0.9603960396039604,
        "f1-score": 0.97,
        "support": 101.0
      },
      "reading": {
        "precision": 0.0,
        "recall": 0.0,
        "f1-score": 0.0,
        "support": 0.0
      },
      "accuracy": 0.9656992084432717,
      "macro avg": {
        "precision": 0.7702550925357943,
        "recall": 0.774427205362947,
        "f1-score": 0.7718311293909468,
        "support": 379.0
      },
      "weighted avg": {
        "precision": 0.967163061050484,
        "recall": 0.9656992084432717,
        "f1-score": 0.9658775514607775,
        "support": 379.0
      }
    },
    "confusion_matrix": [
      [
        73,
        0,
        1,
        0,
        0
      ],
      [
        0,
        94,
        0,
        1,
        0
      ],
      [
        6,
        0,
        102,
        1,
        0
      ],
      [
        2,
        1,
        1,
        97,
        0
      ],
      [
        0,
        0,
        0,
        0,
        0
      ]
    ],
    "n_samples": 379
  },
  "test": {
    "accuracy": 0.9703703703703703,
    "macro_f1": 0.970791472269132,
    "weighted_f1": 0.9703875323613073,
    "per_class": {
      "work": {
        "precision": 0.9666666666666667,
        "recall": 0.925531914893617,
        "f1-score": 0.9456521739130435,
        "support": 94.0
      },
      "sleep": {
        "precision": 1.0,
        "recall": 0.9864864864864865,
        "f1-score": 0.9931972789115646,
        "support": 74.0
      },
      "relaxing": {
        "precision": 0.9322033898305084,
        "recall": 0.9734513274336283,
        "f1-score": 0.9523809523809523,
        "support": 113.0
      },
      "away": {
        "precision": 0.9919354838709677,
        "recall": 0.9919354838709677,
        "f1-score": 0.9919354838709677,
        "support": 124.0
      },
      "reading": {
        "precision": 0.0,
        "recall": 0.0,
        "f1-score": 0.0,
        "support": 0.0
      },
      "accuracy": 0.9703703703703703,
      "macro avg": {
        "precision": 0.7781611080736287,
        "recall": 0.77548104253694,
        "f1-score": 0.7766331778153056,
        "support": 405.0
      },
      "weighted avg": {
        "precision": 0.9708781474506522,
        "recall": 0.9703703703703703,
        "f1-score": 0.9703875323613073,
        "support": 405.0
      }
    },
    "confusion_matrix": [
      [
        87,
        0,
        7,
        0,
        0
      ],
      [
        0,
        73,
        0,
        1,
        0
      ],
      [
        3,
        0,
        110,
        0,
        0
      ],
      [
        0,
        0,
        1,
        123,
        0
      ],
      [
        0,
        0,
        0,
        0,
        0
      ]
    ],
    "n_samples": 405
  }
}